城市,年份
三门峡市,2002
三门峡市,2003
三门峡市,2004
三门峡市,2005
三门峡市,2006
三门峡市,2007
三门峡市,2008
三门峡市,2009
三门峡市,2010
三门峡市,2011
三门峡市,2012
三门峡市,2013
三门峡市,2014
三门峡市,2015
三门峡市,2016
三门峡市,2017
三门峡市,2018
三门峡市,2019
三门峡市,2020
三门峡市,2021
三门峡市,2022
三门峡市,2023
三门峡市,2024
信阳市,2002
信阳市,2003
信阳市,2004
信阳市,2005
信阳市,2006
信阳市,2007
信阳市,2008
信阳市,2009
信阳市,2010
信阳市,2011
信阳市,2012
信阳市,2013
信阳市,2014
信阳市,2015
信阳市,2016
信阳市,2017
信阳市,2018
信阳市,2019
信阳市,2020
信阳市,2021
信阳市,2022
信阳市,2023
信阳市,2024
南阳市,2002
南阳市,2003
南阳市,2004
南阳市,2005
南阳市,2006
南阳市,2007
南阳市,2008
南阳市,2009
南阳市,2010
南阳市,2011
南阳市,2012
南阳市,2013
南阳市,2014
南阳市,2015
南阳市,2016
南阳市,2017
南阳市,2018
南阳市,2019
南阳市,2020
南阳市,2021
南阳市,2022
南阳市,2023
南阳市,2024
周口市,2002
周口市,2003
周口市,2004
周口市,2005
周口市,2006
周口市,2007
周口市,2008
周口市,2009
周口市,2010
周口市,2011
周口市,2012
周口市,2013
周口市,2014
周口市,2015
周口市,2016
周口市,2017
周口市,2018
周口市,2019
周口市,2020
周口市,2021
周口市,2022
周口市,2023
周口市,2024
商丘市,2002
商丘市,2003
商丘市,2004
商丘市,2005
商丘市,2006
商丘市,2007
商丘市,2008
商丘市,2009
商丘市,2010
商丘市,2011
商丘市,2012
商丘市,2013
商丘市,2014
商丘市,2015
商丘市,2016
商丘市,2017
商丘市,2018
商丘市,2019
商丘市,2020
商丘市,2021
商丘市,2022
商丘市,2023
商丘市,2024
安阳市,2002
安阳市,2003
安阳市,2004
安阳市,2005
安阳市,2006
安阳市,2007
安阳市,2008
安阳市,2009
安阳市,2010
安阳市,2011
安阳市,2012
安阳市,2013
安阳市,2014
安阳市,2015
安阳市,2016
安阳市,2017
安阳市,2018
安阳市,2019
安阳市,2020
安阳市,2021
安阳市,2022
安阳市,2023
安阳市,2024
平顶山市,2002
平顶山市,2003
平顶山市,2004
平顶山市,2005
平顶山市,2006
平顶山市,2007
平顶山市,2008
平顶山市,2009
平顶山市,2010
平顶山市,2011
平顶山市,2012
平顶山市,2013
平顶山市,2014
平顶山市,2015
平顶山市,2016
平顶山市,2017
平顶山市,2018
平顶山市,2019
平顶山市,2020
平顶山市,2021
平顶山市,2022
平顶山市,2023
平顶山市,2024
开封市,2002
开封市,2003
开封市,2004
开封市,2005
开封市,2006
开封市,2007
开封市,2008
开封市,2009
开封市,2010
开封市,2011
开封市,2012
开封市,2013
开封市,2014
开封市,2015
开封市,2016
开封市,2017
开封市,2018
开封市,2019
开封市,2020
开封市,2021
开封市,2022
开封市,2023
开封市,2024
新乡市,2002
新乡市,2003
新乡市,2004
新乡市,2005
新乡市,2006
新乡市,2007
新乡市,2008
新乡市,2009
新乡市,2010
新乡市,2011
新乡市,2012
新乡市,2013
新乡市,2014
新乡市,2015
新乡市,2016
新乡市,2017
新乡市,2018
新乡市,2019
新乡市,2020
新乡市,2021
新乡市,2022
新乡市,2023
新乡市,2024
洛阳市,2002
洛阳市,2003
洛阳市,2004
洛阳市,2005
洛阳市,2006
洛阳市,2007
洛阳市,2008
洛阳市,2009
洛阳市,2010
洛阳市,2011
洛阳市,2012
洛阳市,2013
洛阳市,2014
洛阳市,2015
洛阳市,2016
洛阳市,2017
洛阳市,2018
洛阳市,2019
洛阳市,2020
洛阳市,2021
洛阳市,2022
洛阳市,2023
洛阳市,2024
济源市,2002
济源市,2003
济源市,2004
济源市,2005
济源市,2006
济源市,2007
济源市,2008
济源市,2009
济源市,2010
济源市,2011
济源市,2012
济源市,2013
济源市,2014
济源市,2015
济源市,2016
济源市,2017
济源市,2018
济源市,2019
济源市,2020
济源市,2021
济源市,2022
济源市,2023
济源市,2024
漯河市,2002
漯河市,2003
漯河市,2004
漯河市,2005
漯河市,2006
漯河市,2007
漯河市,2008
漯河市,2009
漯河市,2010
漯河市,2011
漯河市,2012
漯河市,2013
漯河市,2014
漯河市,2015
漯河市,2016
漯河市,2017
漯河市,2018
漯河市,2019
漯河市,2020
漯河市,2021
漯河市,2022
漯河市,2023
漯河市,2024
濮阳市,2002
濮阳市,2003
濮阳市,2004
濮阳市,2005
濮阳市,2006
濮阳市,2007
濮阳市,2008
濮阳市,2009
濮阳市,2010
濮阳市,2011
濮阳市,2012
濮阳市,2013
濮阳市,2014
濮阳市,2015
濮阳市,2016
濮阳市,2017
濮阳市,2018
濮阳市,2019
濮阳市,2020
濮阳市,2021
濮阳市,2022
濮阳市,2023
濮阳市,2024
焦作市,2002
焦作市,2003
焦作市,2004
焦作市,2005
焦作市,2006
焦作市,2007
焦作市,2008
焦作市,2009
焦作市,2010
焦作市,2011
焦作市,2012
焦作市,2013
焦作市,2014
焦作市,2015
焦作市,2016
焦作市,2017
焦作市,2018
焦作市,2019
焦作市,2020
焦作市,2021
焦作市,2022
焦作市,2023
焦作市,2024
许昌市,2002
许昌市,2003
许昌市,2004
许昌市,2005
许昌市,2006
许昌市,2007
许昌市,2008
许昌市,2009
许昌市,2010
许昌市,2011
许昌市,2012
许昌市,2013
许昌市,2014
许昌市,2015
许昌市,2016
许昌市,2017
许昌市,2018
许昌市,2019
许昌市,2020
许昌市,2021
许昌市,2022
许昌市,2023
许昌市,2024
郑州市,2002
郑州市,2003
郑州市,2004
郑州市,2005
郑州市,2006
郑州市,2007
郑州市,2008
郑州市,2009
郑州市,2010
郑州市,2011
郑州市,2012
郑州市,2013
郑州市,2014
郑州市,2015
郑州市,2016
郑州市,2017
郑州市,2018
郑州市,2019
郑州市,2020
郑州市,2021
郑州市,2022
郑州市,2023
郑州市,2024
驻马店市,2002
驻马店市,2003
驻马店市,2004
驻马店市,2005
驻马店市,2006
驻马店市,2007
驻马店市,2008
驻马店市,2009
驻马店市,2010
驻马店市,2011
驻马店市,2012
驻马店市,2013
驻马店市,2014
驻马店市,2015
驻马店市,2016
驻马店市,2017
驻马店市,2018
驻马店市,2019
驻马店市,2020
驻马店市,2021
驻马店市,2022
驻马店市,2023
驻马店市,2024
鹤壁市,2002
鹤壁市,2003
鹤壁市,2004
鹤壁市,2005
鹤壁市,2006
鹤壁市,2007
鹤壁市,2008
鹤壁市,2009
鹤壁市,2010
鹤壁市,2011
鹤壁市,2012
鹤壁市,2013
鹤壁市,2014
鹤壁市,2015
鹤壁市,2016
鹤壁市,2017
鹤壁市,2018
鹤壁市,2019
鹤壁市,2020
鹤壁市,2021
鹤壁市,2022
鹤壁市,2023
鹤壁市,2024
